summary,139499672590507,140699672826768,2914587864
timer,0,59879,65613648,0,0
late,0,139499735087414,42496907
late,0,139499835117141,22526634
late,0,139513535060172,22469665
late,0,139522535198041,22607534
late,0,139543588058676,15468169
late,0,139631585063560,12473053
late,0,139637482749825,10159318
late,0,139646265059833,12469326
late,0,139687364103859,11513352
late,0,139692365083740,12493233
late,0,139764303154683,10564176
late,0,139823435072957,42482450
late,0,139823535533640,22943133
late,0,139823635531356,42940849
late,0,139823735048746,42458239
late,0,139823835064554,42474047
late,0,139823935063932,42473425
late,0,139824035062236,42471729
late,0,139824135064858,22474351
late,0,139824235063233,42472726
late,0,139824435062689,42472182
late,0,139824535028829,22438322
late,0,139824635063706,42473199
late,0,139824735084546,42494039
late,0,139824835077129,22486622
late,0,139824935116742,22526235
late,0,139825035485883,42895376
late,0,139825135173234,42582727
late,0,139843186735081,14144574
late,0,139850082715174,10124667
late,0,139968144048261,11457754
late,0,139972024083153,11492646
late,0,140039902821638,10231131
late,0,140075965080104,12489597
late,0,140090035082469,42491962
late,0,140090135506444,42915937
late,0,140090235086101,42495594
late,0,140090335082010,22491503
late,0,140090435112786,22522279
late,0,140090535603758,43013251
late,0,140090635099305,42508798
late,0,140090735097751,42507244
late,0,140090848127898,35537391
late,0,140090935092561,42502054
late,0,140091036885331,24294824
late,0,140091135073936,42483429
late,0,140148562727054,10136547
late,0,140169683080876,10490369
late,0,140185004149504,11558997
late,0,140192284072068,11481561
late,0,140205905071454,12480947
late,0,140211785107605,12517098
late,0,140238584078650,11488143
late,0,140303684075373,11484866
late,0,140358405067670,12477163
late,0,140439883102234,10511727
late,0,140469335755206,43164699
late,0,140469435071877,42481370
late,0,140469535578211,42987704
late,0,140469635589881,42999374
late,0,140470035044249,22453742
late,0,140470135073133,42482626
late,0,140470235208849,22618342
late,0,140522335049731,42459224
late,0,140522435032569,42442062
late,0,140522735564543,42974036
late,0,140522835073084,42482577
late,0,140522935063374,22472867
late,0,140523035140388,42549881
late,0,140523135023507,42433000
late,0,140523235029438,42438931
late,0,140523335188053,42597546
late,0,140523435064769,42474262
late,0,140523535045773,22455266
late,0,140523635053015,42462508
late,0,140523735045652,42455145
late,0,140523835030585,22440078
late,0,140523935102780,42512273
late,0,140527135745343,43154836
late,0,140557584039475,11448968
late,0,140566765046509,12456002
late,0,140621435044402,22453895
late,0,140621535222019,22631512
late,0,140621935113093,42522586
late,0,140622035116901,42526394
late,0,140622066065728,13475221
late,0,140632438273422,25682915
late,0,140632483039210,10448703
late,0,140632535098333,22507826
late,0,140661835157951,42567444
late,0,140661935057260,42466753
late,0,140662035042890,42452383
late,0,140662135070696,42480189
late,0,140662235064739,42474232
late,0,140662335043329,42452822
late,0,140662438204155,65613648
late,0,140662636104737,43514230
late,0,140673935022409,22431902
timer,1,59902,62445999,0,0
late,1,139502148084149,15493642
late,1,139513548087189,35496682
late,1,139522535052437,22461930
late,1,139538624075821,11485314
late,1,139633462733496,10142989
late,1,139660883061084,10470577
late,1,139700365080122,12489615
late,1,139725905086201,12495694
late,1,139801984075725,11485218
late,1,139805285075989,12485482
late,1,139823435092675,42502168
late,1,139823467553721,14963214
late,1,139823483090879,10500372
late,1,139823735050318,42459811
late,1,139823835105101,42514594
late,1,139823935058771,42468264
late,1,139824035062266,42471759
late,1,139824135064938,22474431
late,1,139824235227493,22636986
late,1,139824335072097,22481590
late,1,139824435043182,22452675
late,1,139824535136712,42546205
late,1,139824635583626,42993119
late,1,139824735297506,42706999
late,1,139824835073843,22483336
late,1,139824937516143,24925636
late,1,139825135067395,22476888
late,1,139876186063918,13473411
late,1,139903785088991,12498484
late,1,139963163080274,10489767
late,1,139990423043354,10452847
late,1,139996744104204,11513697
late,1,140051563161250,10570743
late,1,140056885117260,12526753
late,1,140060584052386,11461879
late,1,140090035340124,42749617
late,1,140090135067517,22477010
late,1,140090235086162,42495655
late,1,140090335063295,22472788
late,1,140090435089593,42499086
late,1,140090535094830,22504323
late,1,140090635099315,42508808
late,1,140090735100075,22509568
late,1,140090835693506,23102999
late,1,140090935105997,42515490
late,1,140091044964486,32373979
late,1,140091135098733,42508226
late,1,140115123206170,10615663
late,1,140340465092480,12501973
late,1,140353692066527,19476020
late,1,140402284062485,11471978
late,1,140414266099992,13509485
late,1,140440104057744,11467237
late,1,140444903834228,11243721
late,1,140448025072725,12482218
late,1,140469435090372,42499865
late,1,140470035055472,22464965
late,1,140470135199963,42609456
late,1,140470235798650,43208143
late,1,140470483067001,10476494
late,1,140522335039421,22448914
late,1,140522435032579,42442072
late,1,140522535075513,42485006
late,1,140522635538043,42947536
late,1,140522835045401,42454894
late,1,140522935886154,43295647
late,1,140523035109018,22518511
late,1,140523163020399,10429892
late,1,140523235033235,42442728
late,1,140523335062878,42472371
late,1,140523435064789,22474282
late,1,140523535549622,42959115
late,1,140523635053636,42463129
late,1,140523735059048,22468541
late,1,140523935062665,22472158
late,1,140527135113011,22522504
late,1,140621437538430,24947923
late,1,140621535083158,42492651
late,1,140621635046921,42456414
late,1,140621735075577,42485070
late,1,140621835119594,42529087
late,1,140622035072938,42482431
late,1,140622062644972,10054465
late,1,140632435050069,22459562
late,1,140632536024127,23433620
late,1,140661835345455,42754948
late,1,140661935096164,42505657
late,1,140662335054720,42464213
late,1,140662435036506,62445999
late,1,140662635054959,42464452
steal,0,139499672758253,59132
steal,1,139499672758253,56836
steal,0,139500672743707,59141
steal,1,139500672743707,56839
steal,0,139501672745673,59141
steal,1,139501672745673,56839
steal,0,139502672738904,59141
steal,1,139502672738904,56843
steal,0,139503672741372,59144
steal,1,139503672741372,56844
steal,0,139504672736605,59144
steal,1,139504672736605,56844
steal,0,139505672691843,59144
steal,1,139505672691843,56844
steal,0,139506672736361,59144
steal,1,139506672736361,56844
steal,0,139507672738595,59144
steal,1,139507672738595,56844
steal,0,139508672702902,59144
steal,1,139508672702902,56844
steal,0,139509672748561,59144
steal,1,139509672748561,56844
steal,0,139510672727754,59144
steal,1,139510672727754,56845
steal,0,139511672730831,59144
steal,1,139511672730831,56845
steal,0,139512672738809,59144
steal,1,139512672738809,56845
steal,0,139513672719465,59151
steal,1,139513672719465,56851
steal,0,139514672745837,59151
steal,1,139514672745837,56851
steal,0,139515672731422,59151
steal,1,139515672731422,56852
steal,0,139516672716395,59151
steal,1,139516672716395,56852
steal,0,139517672736146,59151
steal,1,139517672736146,56852
steal,0,139518672727792,59151
steal,1,139518672727792,56852
steal,0,139519672736941,59151
steal,1,139519672736941,56852
steal,0,139520672728999,59151
steal,1,139520672728999,56852
steal,0,139521672702451,59151
steal,1,139521672702451,56852
steal,0,139522672707591,59155
steal,1,139522672707591,56855
steal,0,139523672705300,59155
steal,1,139523672705300,56857
steal,0,139524672710160,59155
steal,1,139524672710160,56857
steal,0,139525672706095,59155
steal,1,139525672706095,56858
steal,0,139526672710073,59156
steal,1,139526672710073,56858
steal,0,139527672720103,59157
steal,1,139527672720103,56862
steal,0,139528672715717,59158
steal,1,139528672715717,56862
steal,0,139529672704727,59158
steal,1,139529672704727,56862
steal,0,139530672710280,59160
steal,1,139530672710280,56863
steal,0,139531672717755,59160
steal,1,139531672717755,56864
steal,0,139532672700524,59161
steal,1,139532672700524,56864
steal,0,139533672691658,59161
steal,1,139533672691658,56864
steal,0,139534672696458,59162
steal,1,139534672696458,56865
steal,0,139535672705427,59162
steal,1,139535672705427,56865
steal,0,139536672703905,59162
steal,1,139536672703905,56866
steal,0,139537672703564,59163
steal,1,139537672703564,56866
steal,0,139538672710629,59164
steal,1,139538672710629,56867
steal,0,139539672743101,59164
steal,1,139539672743101,56869
steal,0,139540672710991,59165
steal,1,139540672710991,56869
steal,0,139541672720129,59166
steal,1,139541672720129,56871
steal,0,139542672696485,59168
steal,1,139542672696485,56871
steal,0,139543672707877,59170
steal,1,139543672707877,56873
steal,0,139544672735169,59171
steal,1,139544672735169,56875
steal,0,139545672694453,59172
steal,1,139545672694453,56876
steal,0,139546672715784,59172
steal,1,139546672715784,56876
steal,0,139547672719472,59173
steal,1,139547672719472,56879
steal,0,139548672759236,59175
steal,1,139548672759236,56880
steal,0,139549672696199,59177
steal,1,139549672696199,56881
steal,0,139550672704085,59177
steal,1,139550672704085,56882
steal,0,139551672715947,59177
steal,1,139551672715947,56883
steal,0,139552672730126,59180
steal,1,139552672730126,56883
steal,0,139553672698877,59182
steal,1,139553672698877,56884
steal,0,139554672704468,59183
steal,1,139554672704468,56885
steal,0,139555672725507,59184
steal,1,139555672725507,56885
steal,0,139556672713244,59184
steal,1,139556672713244,56886
steal,0,139557672700150,59184
steal,1,139557672700150,56886
steal,0,139558672701833,59185
steal,1,139558672701833,56887
steal,0,139559672765953,59186
steal,1,139559672765953,56888
steal,0,139560672821499,59187
steal,1,139560672821499,56890
steal,0,139561672703015,59188
steal,1,139561672703015,56890
steal,0,139562672699498,59189
steal,1,139562672699498,56891
steal,0,139563672702524,59189
steal,1,139563672702524,56891
steal,0,139564672713945,59189
steal,1,139564672713945,56892
steal,0,139565672705239,59190
steal,1,139565672705239,56892
steal,0,139566672699939,59191
steal,1,139566672699939,56894
steal,0,139567672710699,59191
steal,1,139567672710699,56894
steal,0,139568672697964,59192
steal,1,139568672697964,56895
steal,0,139569672696751,59194
steal,1,139569672696751,56896
steal,0,139570672736245,59196
steal,1,139570672736245,56896
steal,0,139571672700907,59196
steal,1,139571672700907,56897
steal,0,139572672698222,59199
steal,1,139572672698222,56898
steal,0,139573672706528,59201
steal,1,139573672706528,56898
steal,0,139574672710214,59201
steal,1,139574672710214,56899
steal,0,139575672713090,59202
steal,1,139575672713090,56900
steal,0,139576672697269,59202
steal,1,139576672697269,56900
steal,0,139577672692870,59203
steal,1,139577672692870,56900
steal,0,139578672725051,59205
steal,1,139578672725051,56900
steal,0,139579672716494,59206
steal,1,139579672716494,56901
steal,0,139580672718738,59207
steal,1,139580672718738,56901
steal,0,139581672706635,59208
steal,1,139581672706635,56902
steal,0,139582672711002,59209
steal,1,139582672711002,56902
steal,0,139583672696774,59209
steal,1,139583672696774,56902
steal,0,139584672729655,59209
steal,1,139584672729655,56902
steal,0,139585672698355,59209
steal,1,139585672698355,56903
steal,0,139586672711058,59210
steal,1,139586672711058,56903
steal,0,139587672702892,59210
steal,1,139587672702892,56903
steal,0,139588672703112,59212
steal,1,139588672703112,56904
steal,0,139589672715364,59213
steal,1,139589672715364,56904
steal,0,139590672709661,59215
steal,1,139590672709661,56906
steal,0,139591672706825,59216
steal,1,139591672706825,56906
steal,0,139592672722384,59216
steal,1,139592672722384,56907
steal,0,139593672707384,59218
steal,1,139593672707384,56907
steal,0,139594672715257,59218
steal,1,139594672715257,56908
steal,0,139595672723081,59218
steal,1,139595672723081,56908
steal,0,139596672705356,59219
steal,1,139596672705356,56908
steal,0,139597672705055,59220
steal,1,139597672705055,56910
steal,0,139598672700735,59220
steal,1,139598672700735,56910
steal,0,139599672730048,59220
steal,1,139599672730048,56911
steal,0,139600672712053,59221
steal,1,139600672712053,56911
steal,0,139601672711902,59222
steal,1,139601672711902,56912
steal,0,139602672696450,59223
steal,1,139602672696450,56913
steal,0,139603672709393,59224
steal,1,139603672709393,56913
steal,0,139604672702578,59224
steal,1,139604672702578,56913
steal,0,139605672705261,59226
steal,1,139605672705261,56914
steal,0,139606672715029,59226
steal,1,139606672715029,56915
steal,0,139607672720938,59226
steal,1,139607672720938,56916
steal,0,139608672706029,59227
steal,1,139608672706029,56916
steal,0,139609672696709,59227
steal,1,139609672696709,56917
steal,0,139610672706345,59227
steal,1,139610672706345,56917
steal,0,139611672711421,59228
steal,1,139611672711421,56918
steal,0,139612672721427,59228
steal,1,139612672721427,56920
steal,0,139613672738378,59231
steal,1,139613672738378,56920
steal,0,139614672717276,59231
steal,1,139614672717276,56920
steal,0,139615672704089,59231
steal,1,139615672704089,56921
steal,0,139616672700129,59231
steal,1,139616672700129,56921
steal,0,139617672739352,59232
steal,1,139617672739352,56923
steal,0,139618672692291,59232
steal,1,139618672692291,56923
steal,0,139619672726693,59232
steal,1,139619672726693,56924
steal,0,139620672702866,59233
steal,1,139620672702866,56925
steal,0,139621672721679,59234
steal,1,139621672721679,56925
steal,0,139622672705706,59234
steal,1,139622672705706,56926
steal,0,139623672713548,59235
steal,1,139623672713548,56926
steal,0,139624672726079,59235
steal,1,139624672726079,56927
steal,0,139625672719033,59235
steal,1,139625672719033,56928
steal,0,139626672713631,59236
steal,1,139626672713631,56928
steal,0,139627672714610,59236
steal,1,139627672714610,56928
steal,0,139628672708816,59236
steal,1,139628672708816,56928
steal,0,139629672715055,59238
steal,1,139629672715055,56928
steal,0,139630673177323,59238
steal,1,139630673177323,56929
steal,0,139631672731329,59241
steal,1,139631672731329,56929
steal,0,139632672709315,59242
steal,1,139632672709315,56930
steal,0,139633672873191,59242
steal,1,139633672873191,56931
steal,0,139634672716473,59243
steal,1,139634672716473,56933
steal,0,139635672699429,59243
steal,1,139635672699429,56933
steal,0,139636672714945,59245
steal,1,139636672714945,56935
steal,0,139637672722747,59247
steal,1,139637672722747,56937
steal,0,139638672706001,59248
steal,1,139638672706001,56938
steal,0,139639672731025,59249
steal,1,139639672731025,56940
steal,0,139640672721114,59250
steal,1,139640672721114,56941
steal,0,139641672706673,59250
steal,1,139641672706673,56942
steal,0,139642672701881,59250
steal,1,139642672701881,56943
steal,0,139643672726984,59252
steal,1,139643672726984,56943
steal,0,139644672725378,59252
steal,1,139644672725378,56943
steal,0,139645672708423,59253
steal,1,139645672708423,56946
steal,0,139646672707599,59254
steal,1,139646672707599,56947
steal,0,139647672715079,59254
steal,1,139647672715079,56948
steal,0,139648672697713,59255
steal,1,139648672697713,56948
steal,0,139649672725301,59255
steal,1,139649672725301,56949
steal,0,139650672703386,59257
steal,1,139650672703386,56949
steal,0,139651672721948,59257
steal,1,139651672721948,56949
steal,0,139652672721633,59257
steal,1,139652672721633,56951
steal,0,139653672717271,59260
steal,1,139653672717271,56951
steal,0,139654672706558,59260
steal,1,139654672706558,56952
steal,0,139655672725630,59260
steal,1,139655672725630,56953
steal,0,139656672720536,59260
steal,1,139656672720536,56955
steal,0,139657672719390,59263
steal,1,139657672719390,56956
steal,0,139658672702835,59264
steal,1,139658672702835,56957
steal,0,139659672698223,59267
steal,1,139659672698223,56957
steal,0,139660672717054,59267
steal,1,139660672717054,56957
steal,0,139661672713916,59269
steal,1,139661672713916,56961
steal,0,139662672696600,59270
steal,1,139662672696600,56961
steal,0,139663672691146,59271
steal,1,139663672691146,56963
steal,0,139664672694839,59272
steal,1,139664672694839,56963
steal,0,139665672702770,59273
steal,1,139665672702770,56965
steal,0,139666672696804,59275
steal,1,139666672696804,56966
steal,0,139667672726546,59275
steal,1,139667672726546,56968
steal,0,139668672715440,59276
steal,1,139668672715440,56968
steal,0,139669672705949,59276
steal,1,139669672705949,56970
steal,0,139670672720892,59279
steal,1,139670672720892,56970
steal,0,139671672704277,59281
steal,1,139671672704277,56972
steal,0,139672672695716,59283
steal,1,139672672695716,56973
steal,0,139673672701062,59284
steal,1,139673672701062,56974
steal,0,139674672696269,59284
steal,1,139674672696269,56975
steal,0,139675672719688,59284
steal,1,139675672719688,56976
steal,0,139676678119228,59286
steal,1,139676678119228,56979
steal,0,139677672723407,59286
steal,1,139677672723407,56980
steal,0,139678672705107,59287
steal,1,139678672705107,56981
steal,0,139679672700474,59288
steal,1,139679672700474,56982
steal,0,139680672720126,59290
steal,1,139680672720126,56982
steal,0,139681672719770,59293
steal,1,139681672719770,56983
steal,0,139682672736928,59294
steal,1,139682672736928,56983
steal,0,139683672704123,59295
steal,1,139683672704123,56984
steal,0,139684672720799,59295
steal,1,139684672720799,56984
steal,0,139685672708822,59296
steal,1,139685672708822,56985
steal,0,139686672712242,59296
steal,1,139686672712242,56985
steal,0,139687672694283,59298
steal,1,139687672694283,56985
steal,0,139688672699067,59299
steal,1,139688672699067,56985
steal,0,139689672691917,59300
steal,1,139689672691917,56986
steal,0,139690672703364,59300
steal,1,139690672703364,56986
steal,0,139691672707868,59300
steal,1,139691672707868,56986
steal,0,139692672719664,59304
steal,1,139692672719664,56987
steal,0,139693672699181,59304
steal,1,139693672699181,56987
steal,0,139694672728580,59306
steal,1,139694672728580,56988
steal,0,139695672731882,59308
steal,1,139695672731882,56990
steal,0,139696672719432,59310
steal,1,139696672719432,56992
steal,0,139697672699280,59310
steal,1,139697672699280,56993
steal,0,139698672726577,59310
steal,1,139698672726577,56994
steal,0,139699672719609,59311
steal,1,139699672719609,56997
steal,0,139700672699856,59311
steal,1,139700672699856,57000
steal,0,139701672702214,59311
steal,1,139701672702214,57001
steal,0,139702672697549,59312
steal,1,139702672697549,57002
steal,0,139703672726198,59312
steal,1,139703672726198,57002
steal,0,139704672700555,59312
steal,1,139704672700555,57002
steal,0,139705672700229,59314
steal,1,139705672700229,57002
steal,0,139706672721863,59314
steal,1,139706672721863,57003
steal,0,139707672702763,59314
steal,1,139707672702763,57004
steal,0,139708672711433,59315
steal,1,139708672711433,57004
steal,0,139709672695055,59316
steal,1,139709672695055,57005
steal,0,139710672726240,59317
steal,1,139710672726240,57006
steal,0,139711672714161,59317
steal,1,139711672714161,57007
steal,0,139712672704076,59317
steal,1,139712672704076,57007
steal,0,139713672701635,59318
steal,1,139713672701635,57008
steal,0,139714672690728,59320
steal,1,139714672690728,57008
steal,0,139715672698407,59320
steal,1,139715672698407,57008
steal,0,139716672714982,59320
steal,1,139716672714982,57009
steal,0,139717672715776,59321
steal,1,139717672715776,57009
steal,0,139718672709520,59323
steal,1,139718672709520,57009
steal,0,139719672713089,59325
steal,1,139719672713089,57010
steal,0,139720672729193,59327
steal,1,139720672729193,57010
steal,0,139721672704891,59329
steal,1,139721672704891,57011
steal,0,139722672709714,59330
steal,1,139722672709714,57012
steal,0,139723672700841,59330
steal,1,139723672700841,57014
steal,0,139724672700394,59331
steal,1,139724672700394,57014
steal,0,139725672733109,59334
steal,1,139725672733109,57015
steal,0,139726672726861,59336
steal,1,139726672726861,57017
steal,0,139727672710694,59337
steal,1,139727672710694,57018
steal,0,139728672736356,59338
steal,1,139728672736356,57019
steal,0,139729672712916,59339
steal,1,139729672712916,57019
steal,0,139730672930410,59342
steal,1,139730672930410,57021
steal,0,139731672701121,59344
steal,1,139731672701121,57023
steal,0,139732672719509,59345
steal,1,139732672719509,57023
steal,0,139733672715536,59345
steal,1,139733672715536,57024
steal,0,139734672699680,59349
steal,1,139734672699680,57024
steal,0,139735672717177,59349
steal,1,139735672717177,57024
steal,0,139736672704127,59351
steal,1,139736672704127,57024
steal,0,139737672718157,59353
steal,1,139737672718157,57025
steal,0,139738672702100,59353
steal,1,139738672702100,57026
steal,0,139739672715228,59354
steal,1,139739672715228,57027
steal,0,139740672700623,59354
steal,1,139740672700623,57028
steal,0,139741672710405,59354
steal,1,139741672710405,57031
steal,0,139742672705799,59356
steal,1,139742672705799,57031
steal,0,139743672704521,59356
steal,1,139743672704521,57031
steal,0,139744672706407,59356
steal,1,139744672706407,57031
steal,0,139745672719135,59357
steal,1,139745672719135,57032
steal,0,139746672708249,59357
steal,1,139746672708249,57032
steal,0,139747672716547,59357
steal,1,139747672716547,57033
steal,0,139748672709016,59357
steal,1,139748672709016,57033
steal,0,139749672716883,59358
steal,1,139749672716883,57034
steal,0,139750672707539,59358
steal,1,139750672707539,57034
steal,0,139751672694888,59358
steal,1,139751672694888,57034
steal,0,139752672698157,59358
steal,1,139752672698157,57034
steal,0,139753672705394,59358
steal,1,139753672705394,57035
steal,0,139754672709224,59359
steal,1,139754672709224,57035
steal,0,139755672726190,59359
steal,1,139755672726190,57036
steal,0,139756672725973,59359
steal,1,139756672725973,57037
steal,0,139757672712420,59362
steal,1,139757672712420,57038
steal,0,139758672699689,59364
steal,1,139758672699689,57040
steal,0,139759672699382,59366
steal,1,139759672699382,57041
steal,0,139760672705677,59367
steal,1,139760672705677,57042
steal,0,139761672700679,59369
steal,1,139761672700679,57042
steal,0,139762672702586,59370
steal,1,139762672702586,57043
steal,0,139763672737295,59371
steal,1,139763672737295,57043
steal,0,139764672707041,59372
steal,1,139764672707041,57044
steal,0,139765672708868,59372
steal,1,139765672708868,57044
steal,0,139766672699253,59372
steal,1,139766672699253,57044
steal,0,139767672724163,59373
steal,1,139767672724163,57044
steal,0,139768672700762,59374
steal,1,139768672700762,57045
steal,0,139769672701687,59374
steal,1,139769672701687,57045
steal,0,139770672716888,59374
steal,1,139770672716888,57046
steal,0,139771672712544,59374
steal,1,139771672712544,57046
steal,0,139772672700996,59375
steal,1,139772672700996,57047
steal,0,139773672748509,59376
steal,1,139773672748509,57048
steal,0,139774672710551,59376
steal,1,139774672710551,57048
steal,0,139775672711585,59376
steal,1,139775672711585,57049
steal,0,139776672701227,59377
steal,1,139776672701227,57049
steal,0,139777672690861,59378
steal,1,139777672690861,57050
steal,0,139778678440137,59379
steal,1,139778678440137,57051
steal,0,139779672711344,59379
steal,1,139779672711344,57051
steal,0,139780672733799,59380
steal,1,139780672733799,57054
steal,0,139781672700270,59381
steal,1,139781672700270,57056
steal,0,139782672717385,59381
steal,1,139782672717385,57056
steal,0,139783672699303,59382
steal,1,139783672699303,57058
steal,0,139784672727629,59383
steal,1,139784672727629,57059
steal,0,139785672730127,59383
steal,1,139785672730127,57060
steal,0,139786672716254,59383
steal,1,139786672716254,57060
steal,0,139787672713782,59383
steal,1,139787672713782,57060
steal,0,139788672697594,59385
steal,1,139788672697594,57062
steal,0,139789672691705,59385
steal,1,139789672691705,57063
steal,0,139790672699523,59386
steal,1,139790672699523,57066
steal,0,139791672700106,59387
steal,1,139791672700106,57066
steal,0,139792672713714,59387
steal,1,139792672713714,57066
steal,0,139793672786815,59387
steal,1,139793672786815,57066
steal,0,139794672696316,59390
steal,1,139794672696316,57067
steal,0,139795672707038,59390
steal,1,139795672707038,57067
steal,0,139796672717480,59390
steal,1,139796672717480,57067
steal,0,139797672695270,59391
steal,1,139797672695270,57069
steal,0,139798672699419,59391
steal,1,139798672699419,57069
steal,0,139799672882335,59392
steal,1,139799672882335,57070
steal,0,139800672708618,59393
steal,1,139800672708618,57071
steal,0,139801672698160,59394
steal,1,139801672698160,57072
steal,0,139802672738358,59394
steal,1,139802672738358,57077
steal,0,139803672696902,59395
steal,1,139803672696902,57077
steal,0,139804672723754,59397
steal,1,139804672723754,57078
steal,0,139805672766697,59398
steal,1,139805672766697,57080
steal,0,139806672706033,59398
steal,1,139806672706033,57081
steal,0,139807672745079,59399
steal,1,139807672745079,57082
steal,0,139808672710024,59401
steal,1,139808672710024,57085
steal,0,139809672698956,59401
steal,1,139809672698956,57086
steal,0,139810672702794,59401
steal,1,139810672702794,57086
steal,0,139811672700860,59402
steal,1,139811672700860,57087
steal,0,139812672704130,59404
steal,1,139812672704130,57087
steal,0,139813672689945,59405
steal,1,139813672689945,57087
steal,0,139814672696078,59407
steal,1,139814672696078,57087
steal,0,139815672697061,59409
steal,1,139815672697061,57087
steal,0,139816672696310,59410
steal,1,139816672696310,57088
steal,0,139817672708314,59411
steal,1,139817672708314,57088
steal,0,139818672705821,59412
steal,1,139818672705821,57089
steal,0,139819672710721,59412
steal,1,139819672710721,57092
steal,0,139820672699260,59413
steal,1,139820672699260,57093
steal,0,139821672696416,59413
steal,1,139821672696416,57095
steal,0,139822672697098,59413
steal,1,139822672697098,57096
steal,0,139823672698393,59428
steal,1,139823672698393,57110
steal,0,139824672700978,59478
steal,1,139824672700978,57159
steal,0,139825672706190,59504
steal,1,139825672706190,57179
steal,0,139826672715700,59504
steal,1,139826672715700,57180
steal,0,139827672712114,59504
steal,1,139827672712114,57180
steal,0,139828672711995,59504
steal,1,139828672711995,57181
steal,0,139829672696698,59505
steal,1,139829672696698,57182
steal,0,139830672697992,59506
steal,1,139830672697992,57182
steal,0,139831672704686,59507
steal,1,139831672704686,57182
steal,0,139832672719174,59508
steal,1,139832672719174,57183
steal,0,139833672694450,59509
steal,1,139833672694450,57186
steal,0,139834672699160,59509
steal,1,139834672699160,57187
steal,0,139835672702487,59509
steal,1,139835672702487,57187
steal,0,139836672713599,59510
steal,1,139836672713599,57187
steal,0,139837672697531,59510
steal,1,139837672697531,57187
steal,0,139838672722689,59510
steal,1,139838672722689,57189
steal,0,139839672710567,59511
steal,1,139839672710567,57189
steal,0,139840672705410,59511
steal,1,139840672705410,57190
steal,0,139841672706623,59512
steal,1,139841672706623,57190
steal,0,139842672702937,59512
steal,1,139842672702937,57192
steal,0,139843672738315,59514
steal,1,139843672738315,57192
steal,0,139844672709493,59515
steal,1,139844672709493,57193
steal,0,139845672711158,59515
steal,1,139845672711158,57194
steal,0,139846672704406,59516
steal,1,139846672704406,57194
steal,0,139847672733382,59517
steal,1,139847672733382,57195
steal,0,139848672695512,59517
steal,1,139848672695512,57196
steal,0,139849672711162,59519
steal,1,139849672711162,57196
steal,0,139850672713937,59521
steal,1,139850672713937,57196
steal,0,139851672716463,59521
steal,1,139851672716463,57197
steal,0,139852672733515,59521
steal,1,139852672733515,57198
steal,0,139853672731552,59522
steal,1,139853672731552,57198
steal,0,139854672710232,59522
steal,1,139854672710232,57198
steal,0,139855672750097,59524
steal,1,139855672750097,57199
steal,0,139856672709051,59524
steal,1,139856672709051,57199
steal,0,139857672716707,59524
steal,1,139857672716707,57200
steal,0,139858672712188,59525
steal,1,139858672712188,57201
steal,0,139859672702471,59525
steal,1,139859672702471,57201
steal,0,139860672732127,59525
steal,1,139860672732127,57201
steal,0,139861672730384,59527
steal,1,139861672730384,57202
steal,0,139862672708033,59529
steal,1,139862672708033,57202
steal,0,139863672695178,59529
steal,1,139863672695178,57203
steal,0,139864672714385,59530
steal,1,139864672714385,57204
steal,0,139865672715007,59530
steal,1,139865672715007,57204
steal,0,139866672708593,59530
steal,1,139866672708593,57207
steal,0,139867672713983,59531
steal,1,139867672713983,57207
steal,0,139868672703825,59532
steal,1,139868672703825,57209
steal,0,139869672706371,59532
steal,1,139869672706371,57210
steal,0,139870672703646,59533
steal,1,139870672703646,57210
steal,0,139871672704920,59533
steal,1,139871672704920,57211
steal,0,139872672699931,59534
steal,1,139872672699931,57212
steal,0,139873672696958,59534
steal,1,139873672696958,57213
steal,0,139874678117732,59535
steal,1,139874678117732,57213
steal,0,139875672717747,59536
steal,1,139875672717747,57214
steal,0,139876672696939,59537
steal,1,139876672696939,57216
steal,0,139877672700445,59537
steal,1,139877672700445,57217
steal,0,139878672693653,59537
steal,1,139878672693653,57217
steal,0,139879672683724,59537
steal,1,139879672683724,57218
steal,0,139880672714422,59538
steal,1,139880672714422,57219
steal,0,139881672715704,59539
steal,1,139881672715704,57221
steal,0,139882672715644,59539
steal,1,139882672715644,57222
steal,0,139883672708079,59540
steal,1,139883672708079,57222
steal,0,139884672713409,59541
steal,1,139884672713409,57223
steal,0,139885672693231,59542
steal,1,139885672693231,57223
steal,0,139886672706406,59543
steal,1,139886672706406,57224
steal,0,139887672701397,59543
steal,1,139887672701397,57224
steal,0,139888672701527,59543
steal,1,139888672701527,57225
steal,0,139889672696806,59544
steal,1,139889672696806,57227
steal,0,139890672716043,59544
steal,1,139890672716043,57227
steal,0,139891672694512,59545
steal,1,139891672694512,57228
steal,0,139892672717877,59545
steal,1,139892672717877,57228
steal,0,139893672703331,59545
steal,1,139893672703331,57228
steal,0,139894672695736,59546
steal,1,139894672695736,57229
steal,0,139895672695976,59546
steal,1,139895672695976,57229
steal,0,139896672703780,59547
steal,1,139896672703780,57229
steal,0,139897672698980,59548
steal,1,139897672698980,57231
steal,0,139898672708368,59548
steal,1,139898672708368,57232
steal,0,139899672701734,59549
steal,1,139899672701734,57232
steal,0,139900672701693,59549
steal,1,139900672701693,57232
steal,0,139901672721449,59550
steal,1,139901672721449,57233
steal,0,139902672702132,59551
steal,1,139902672702132,57233
steal,0,139903672718653,59551
steal,1,139903672718653,57233
steal,0,139904672722309,59554
steal,1,139904672722309,57236
steal,0,139905672715105,59556
steal,1,139905672715105,57237
steal,0,139906672713682,59556
steal,1,139906672713682,57237
steal,0,139907672724522,59556
steal,1,139907672724522,57239
steal,0,139908672696148,59558
steal,1,139908672696148,57239
steal,0,139909672710906,59558
steal,1,139909672710906,57239
steal,0,139910672744517,59560
steal,1,139910672744517,57241
steal,0,139911672713488,59560
steal,1,139911672713488,57242
steal,0,139912672707776,59561
steal,1,139912672707776,57242
steal,0,139913672731680,59561
steal,1,139913672731680,57243
steal,0,139914672711633,59562
steal,1,139914672711633,57244
steal,0,139915672700330,59563
steal,1,139915672700330,57244
steal,0,139916672714297,59565
steal,1,139916672714297,57246
steal,0,139917672717701,59566
steal,1,139917672717701,57246
steal,0,139918672801178,59566
steal,1,139918672801178,57247
steal,0,139919672711027,59566
steal,1,139919672711027,57247
steal,0,139920672699274,59567
steal,1,139920672699274,57247
steal,0,139921672716936,59568
steal,1,139921672716936,57248
steal,0,139922672716204,59568
steal,1,139922672716204,57248
steal,0,139923672695083,59570
steal,1,139923672695083,57248
steal,0,139924672704921,59570
steal,1,139924672704921,57250
steal,0,139925672717874,59570
steal,1,139925672717874,57252
steal,0,139926672732762,59571
steal,1,139926672732762,57254
steal,0,139927676505551,59572
steal,1,139927676505551,57258
steal,0,139928672708736,59573
steal,1,139928672708736,57258
steal,0,139929672722490,59573
steal,1,139929672722490,57259
steal,0,139930672729202,59574
steal,1,139930672729202,57262
steal,0,139931672735072,59575
steal,1,139931672735072,57262
steal,0,139932672704512,59576
steal,1,139932672704512,57263
steal,0,139933672724340,59578
steal,1,139933672724340,57265
steal,0,139934672722605,59578
steal,1,139934672722605,57267
steal,0,139935672708717,59581
steal,1,139935672708717,57267
steal,0,139936672701833,59582
steal,1,139936672701833,57268
steal,0,139937672703685,59584
steal,1,139937672703685,57269
steal,0,139938672719454,59585
steal,1,139938672719454,57270
steal,0,139939672730493,59585
steal,1,139939672730493,57271
steal,0,139940672699895,59587
steal,1,139940672699895,57272
steal,0,139941672694885,59589
steal,1,139941672694885,57272
steal,0,139942672702828,59589
steal,1,139942672702828,57273
steal,0,139943672712205,59590
steal,1,139943672712205,57273
steal,0,139944672718988,59590
steal,1,139944672718988,57274
steal,0,139945672728874,59591
steal,1,139945672728874,57274
steal,0,139946672693907,59591
steal,1,139946672693907,57275
steal,0,139947672733461,59592
steal,1,139947672733461,57276
steal,0,139948672728260,59594
steal,1,139948672728260,57276
steal,0,139949672747055,59595
steal,1,139949672747055,57277
steal,0,139950672697971,59597
steal,1,139950672697971,57278
steal,0,139951672726975,59598
steal,1,139951672726975,57281
steal,0,139952672708017,59598
steal,1,139952672708017,57281
steal,0,139953672704499,59599
steal,1,139953672704499,57283
steal,0,139954672719766,59599
steal,1,139954672719766,57284
steal,0,139955672710528,59600
steal,1,139955672710528,57284
steal,0,139956672722038,59600
steal,1,139956672722038,57285
steal,0,139957672708952,59601
steal,1,139957672708952,57286
steal,0,139958672704713,59602
steal,1,139958672704713,57286
steal,0,139959672720953,59602
steal,1,139959672720953,57287
steal,0,139960672752111,59602
steal,1,139960672752111,57287
steal,0,139961672706844,59603
steal,1,139961672706844,57287
steal,0,139962672699751,59603
steal,1,139962672699751,57289
steal,0,139963672740146,59606
steal,1,139963672740146,57290
steal,0,139964672700849,59606
steal,1,139964672700849,57290
steal,0,139965672714222,59606
steal,1,139965672714222,57291
steal,0,139966672711344,59607
steal,1,139966672711344,57292
steal,0,139967672701023,59607
steal,1,139967672701023,57292
steal,0,139968672712724,59610
steal,1,139968672712724,57293
steal,0,139969672714087,59611
steal,1,139969672714087,57293
steal,0,139970672706479,59611
steal,1,139970672706479,57293
steal,0,139971672701538,59612
steal,1,139971672701538,57294
steal,0,139972672719941,59614
steal,1,139972672719941,57294
steal,0,139973672715250,59614
steal,1,139973672715250,57295
steal,0,139974672709167,59616
steal,1,139974672709167,57296
steal,0,139975672716209,59617
steal,1,139975672716209,57297
steal,0,139976672698914,59617
steal,1,139976672698914,57297
steal,0,139977672696918,59617
steal,1,139977672696918,57297
steal,0,139978672721913,59618
steal,1,139978672721913,57297
steal,0,139979672714557,59618
steal,1,139979672714557,57298
steal,0,139980672715497,59619
steal,1,139980672715497,57299
steal,0,139981672724091,59620
steal,1,139981672724091,57299
steal,0,139982672731443,59620
steal,1,139982672731443,57300
steal,0,139983672705571,59620
steal,1,139983672705571,57300
steal,0,139984672722059,59622
steal,1,139984672722059,57302
steal,0,139985672693384,59622
steal,1,139985672693384,57302
steal,0,139986672718127,59623
steal,1,139986672718127,57303
steal,0,139987672707194,59624
steal,1,139987672707194,57303
steal,0,139988672690189,59625
steal,1,139988672690189,57304
steal,0,139989672692500,59626
steal,1,139989672692500,57304
steal,0,139990672721172,59626
steal,1,139990672721172,57306
steal,0,139991672709367,59627
steal,1,139991672709367,57306
steal,0,139992672714134,59627
steal,1,139992672714134,57307
steal,0,139993672705547,59627
steal,1,139993672705547,57307
steal,0,139994676098109,59628
steal,1,139994676098109,57307
steal,0,139995672692690,59628
steal,1,139995672692690,57309
steal,0,139996672721622,59630
steal,1,139996672721622,57309
steal,0,139997672704498,59630
steal,1,139997672704498,57312
steal,0,139998672712771,59635
steal,1,139998672712771,57315
steal,0,139999672730411,59636
steal,1,139999672730411,57316
steal,0,140000672718847,59637
steal,1,140000672718847,57317
steal,0,140001672721229,59637
steal,1,140001672721229,57317
steal,0,140002672719803,59638
steal,1,140002672719803,57320
steal,0,140003672697680,59639
steal,1,140003672697680,57320
steal,0,140004672696716,59639
steal,1,140004672696716,57321
steal,0,140005672698547,59640
steal,1,140005672698547,57321
steal,0,140006672755082,59643
steal,1,140006672755082,57322
steal,0,140007672702851,59644
steal,1,140007672702851,57323
steal,0,140008672699031,59646
steal,1,140008672699031,57326
steal,0,140009672714277,59646
steal,1,140009672714277,57328
steal,0,140010672742849,59647
steal,1,140010672742849,57329
steal,0,140011672715254,59647
steal,1,140011672715254,57331
steal,0,140012672704511,59648
steal,1,140012672704511,57331
steal,0,140013672705371,59649
steal,1,140013672705371,57332
steal,0,140014672716208,59649
steal,1,140014672716208,57332
steal,0,140015672699685,59649
steal,1,140015672699685,57332
steal,0,140016672725171,59650
steal,1,140016672725171,57333
steal,0,140017672713707,59650
steal,1,140017672713707,57333
steal,0,140018672708875,59651
steal,1,140018672708875,57334
steal,0,140019672716719,59651
steal,1,140019672716719,57334
steal,0,140020672704772,59652
steal,1,140020672704772,57336
steal,0,140021672715602,59652
steal,1,140021672715602,57336
steal,0,140022672709849,59652
steal,1,140022672709849,57336
steal,0,140023672731658,59653
steal,1,140023672731658,57336
steal,0,140024672742115,59653
steal,1,140024672742115,57336
steal,0,140025672704821,59653
steal,1,140025672704821,57338
steal,0,140026672743612,59653
steal,1,140026672743612,57338
steal,0,140027672717419,59655
steal,1,140027672717419,57339
steal,0,140028672694654,59655
steal,1,140028672694654,57339
steal,0,140029672717464,59656
steal,1,140029672717464,57339
steal,0,140030672732568,59657
steal,1,140030672732568,57340
steal,0,140031672714572,59657
steal,1,140031672714572,57341
steal,0,140032672700692,59659
steal,1,140032672700692,57341
steal,0,140033672711280,59659
steal,1,140033672711280,57341
steal,0,140034672705947,59659
steal,1,140034672705947,57342
steal,0,140035672724810,59659
steal,1,140035672724810,57342
steal,0,140036672737522,59660
steal,1,140036672737522,57342
steal,0,140037672713123,59660
steal,1,140037672713123,57342
steal,0,140038672703783,59662
steal,1,140038672703783,57343
steal,0,140039672723896,59662
steal,1,140039672723896,57343
steal,0,140040672698085,59664
steal,1,140040672698085,57344
steal,0,140041672712969,59666
steal,1,140041672712969,57344
steal,0,140042672727062,59669
steal,1,140042672727062,57347
steal,0,140043672695789,59670
steal,1,140043672695789,57347
steal,0,140044672699572,59671
steal,1,140044672699572,57347
steal,0,140045672689371,59671
steal,1,140045672689371,57350
steal,0,140046672720586,59672
steal,1,140046672720586,57351
steal,0,140047672707328,59675
steal,1,140047672707328,57352
steal,0,140048672704280,59675
steal,1,140048672704280,57353
steal,0,140049672718444,59677
steal,1,140049672718444,57353
steal,0,140050672736454,59677
steal,1,140050672736454,57354
steal,0,140051672717696,59679
steal,1,140051672717696,57357
steal,0,140052672715749,59681
steal,1,140052672715749,57360
steal,0,140053672712238,59682
steal,1,140053672712238,57361
steal,0,140054672722754,59682
steal,1,140054672722754,57362
steal,0,140055672716169,59684
steal,1,140055672716169,57363
steal,0,140056672717819,59685
steal,1,140056672717819,57364
steal,0,140057672705783,59687
steal,1,140057672705783,57366
steal,0,140058672698705,59687
steal,1,140058672698705,57368
steal,0,140059672713420,59689
steal,1,140059672713420,57369
steal,0,140060672709358,59691
steal,1,140060672709358,57373
steal,0,140061673198368,59691
steal,1,140061673198368,57375
steal,0,140062672707068,59693
steal,1,140062672707068,57375
steal,0,140063672737412,59693
steal,1,140063672737412,57377
steal,0,140064672701000,59694
steal,1,140064672701000,57380
steal,0,140065672700907,59695
steal,1,140065672700907,57380
steal,0,140066672726913,59695
steal,1,140066672726913,57380
steal,0,140067672702684,59695
steal,1,140067672702684,57382
steal,0,140068672721176,59695
steal,1,140068672721176,57383
steal,0,140069672708749,59697
steal,1,140069672708749,57384
steal,0,140070672714487,59698
steal,1,140070672714487,57385
steal,0,140071672712219,59698
steal,1,140071672712219,57386
steal,0,140072672700662,59699
steal,1,140072672700662,57386
steal,0,140073672697081,59700
steal,1,140073672697081,57388
steal,0,140074672708238,59702
steal,1,140074672708238,57389
steal,0,140075672726919,59702
steal,1,140075672726919,57391
steal,0,140076672720183,59704
steal,1,140076672720183,57391
steal,0,140077672697347,59704
steal,1,140077672697347,57391
steal,0,140078672698697,59704
steal,1,140078672698697,57393
steal,0,140079672721566,59706
steal,1,140079672721566,57394
steal,0,140080672716863,59707
steal,1,140080672716863,57395
steal,0,140081672721559,59707
steal,1,140081672721559,57397
steal,0,140082672709774,59707
steal,1,140082672709774,57399
steal,0,140083672714740,59707
steal,1,140083672714740,57399
steal,0,140084672723062,59707
steal,1,140084672723062,57401
steal,0,140085672728148,59708
steal,1,140085672728148,57401
steal,0,140086672717204,59708
steal,1,140086672717204,57401
steal,0,140087672736758,59708
steal,1,140087672736758,57401
steal,0,140088672736894,59708
steal,1,140088672736894,57402
steal,0,140089672694131,59710
steal,1,140089672694131,57402
steal,0,140090672700318,59743
steal,1,140090672700318,57437
steal,0,140091672723689,59770
steal,1,140091672723689,57462
steal,0,140092672722675,59771
steal,1,140092672722675,57465
steal,0,140093672725184,59772
steal,1,140093672725184,57467
steal,0,140094672705494,59772
steal,1,140094672705494,57468
steal,0,140095672723696,59772
steal,1,140095672723696,57469
steal,0,140096672723221,59774
steal,1,140096672723221,57470
steal,0,140097672719340,59776
steal,1,140097672719340,57472
steal,0,140098672701602,59777
steal,1,140098672701602,57474
steal,0,140099672714484,59778
steal,1,140099672714484,57474
steal,0,140100672758052,59779
steal,1,140100672758052,57477
steal,0,140101672720507,59781
steal,1,140101672720507,57477
steal,0,140102672721806,59781
steal,1,140102672721806,57480
steal,0,140103672698056,59783
steal,1,140103672698056,57480
steal,0,140104672723421,59784
steal,1,140104672723421,57481
steal,0,140105672699331,59786
steal,1,140105672699331,57482
steal,0,140106672744171,59787
steal,1,140106672744171,57482
steal,0,140107672699292,59788
steal,1,140107672699292,57482
steal,0,140108672700311,59788
steal,1,140108672700311,57482
steal,0,140109672742567,59789
steal,1,140109672742567,57483
steal,0,140110672718058,59791
steal,1,140110672718058,57483
steal,0,140111672725428,59791
steal,1,140111672725428,57483
steal,0,140112672733438,59793
steal,1,140112672733438,57485
steal,0,140113672830606,59793
steal,1,140113672830606,57486
steal,0,140114672699125,59794
steal,1,140114672699125,57487
steal,0,140115672723767,59794
steal,1,140115672723767,57489
steal,0,140116672725506,59795
steal,1,140116672725506,57492
steal,0,140117672713379,59795
steal,1,140117672713379,57492
steal,0,140118672697425,59796
steal,1,140118672697425,57492
steal,0,140119672726696,59797
steal,1,140119672726696,57492
steal,0,140120672715259,59798
steal,1,140120672715259,57493
steal,0,140121672742356,59798
steal,1,140121672742356,57493
steal,0,140122672731772,59800
steal,1,140122672731772,57493
steal,0,140123672698284,59800
steal,1,140123672698284,57493
steal,0,140124672716364,59801
steal,1,140124672716364,57494
steal,0,140125672724345,59802
steal,1,140125672724345,57494
steal,0,140126672708471,59802
steal,1,140126672708471,57495
steal,0,140127672734635,59803
steal,1,140127672734635,57495
steal,0,140128672720664,59804
steal,1,140128672720664,57496
steal,0,140129672697846,59805
steal,1,140129672697846,57496
steal,0,140130672729061,59809
steal,1,140130672729061,57497
steal,0,140131672707466,59809
steal,1,140131672707466,57498
steal,0,140132672707422,59810
steal,1,140132672707422,57498
steal,0,140133672729980,59811
steal,1,140133672729980,57500
steal,0,140134672753400,59812
steal,1,140134672753400,57500
steal,0,140135672705004,59812
steal,1,140135672705004,57502
steal,0,140136672721089,59813
steal,1,140136672721089,57504
steal,0,140137672699624,59813
steal,1,140137672699624,57504
steal,0,140138672694620,59813
steal,1,140138672694620,57505
steal,0,140139672716617,59814
steal,1,140139672716617,57505
steal,0,140140672712104,59816
steal,1,140140672712104,57507
steal,0,140141672723560,59819
steal,1,140141672723560,57509
steal,0,140142672712245,59820
steal,1,140142672712245,57510
steal,0,140143672717480,59820
steal,1,140143672717480,57510
steal,0,140144672692799,59820
steal,1,140144672692799,57510
steal,0,140145672710458,59821
steal,1,140145672710458,57511
steal,0,140146672727666,59821
steal,1,140146672727666,57511
steal,0,140147672721620,59822
steal,1,140147672721620,57512
steal,0,140148672715774,59823
steal,1,140148672715774,57512
steal,0,140149672698528,59824
steal,1,140149672698528,57513
steal,0,140150672719430,59824
steal,1,140150672719430,57515
steal,0,140151672715459,59824
steal,1,140151672715459,57516
steal,0,140152672753817,59824
steal,1,140152672753817,57516
steal,0,140153672702948,59824
steal,1,140153672702948,57518
steal,0,140154672697202,59825
steal,1,140154672697202,57518
steal,0,140155672703690,59825
steal,1,140155672703690,57518
steal,0,140156672717762,59826
steal,1,140156672717762,57520
steal,0,140157672712539,59826
steal,1,140157672712539,57520
steal,0,140158672716361,59826
steal,1,140158672716361,57521
steal,0,140159672706026,59828
steal,1,140159672706026,57521
steal,0,140160672702335,59828
steal,1,140160672702335,57521
steal,0,140161672716697,59828
steal,1,140161672716697,57521
steal,0,140162672719588,59828
steal,1,140162672719588,57521
steal,0,140163672711358,59830
steal,1,140163672711358,57522
steal,0,140164672700142,59830
steal,1,140164672700142,57526
steal,0,140165672697551,59832
steal,1,140165672697551,57527
steal,0,140166672718446,59834
steal,1,140166672718446,57531
steal,0,140167672735933,59834
steal,1,140167672735933,57533
steal,0,140168672715199,59835
steal,1,140168672715199,57533
steal,0,140169672736914,59835
steal,1,140169672736914,57533
steal,0,140170672719095,59837
steal,1,140170672719095,57535
steal,0,140171672726325,59837
steal,1,140171672726325,57535
steal,0,140172672693789,59837
steal,1,140172672693789,57535
steal,0,140173672724110,59838
steal,1,140173672724110,57536
steal,0,140174672725046,59838
steal,1,140174672725046,57536
steal,0,140175672714913,59839
steal,1,140175672714913,57536
steal,0,140176672722893,59840
steal,1,140176672722893,57537
steal,0,140177672797709,59841
steal,1,140177672797709,57538
steal,0,140178672727131,59841
steal,1,140178672727131,57539
steal,0,140179672700664,59842
steal,1,140179672700664,57539
steal,0,140180672699687,59844
steal,1,140180672699687,57540
steal,0,140181672693160,59845
steal,1,140181672693160,57541
steal,0,140182672705098,59846
steal,1,140182672705098,57543
steal,0,140183672729369,59846
steal,1,140183672729369,57545
steal,0,140184672708374,59848
steal,1,140184672708374,57546
steal,0,140185672727526,59850
steal,1,140185672727526,57547
steal,0,140186672703325,59850
steal,1,140186672703325,57548
steal,0,140187672707198,59850
steal,1,140187672707198,57549
steal,0,140188672751486,59852
steal,1,140188672751486,57549
steal,0,140189672721222,59853
steal,1,140189672721222,57549
steal,0,140190672711039,59854
steal,1,140190672711039,57550
steal,0,140191672720021,59855
steal,1,140191672720021,57550
steal,0,140192672713513,59857
steal,1,140192672713513,57551
steal,0,140193672700332,59858
steal,1,140193672700332,57552
steal,0,140194672716979,59858
steal,1,140194672716979,57552
steal,0,140195672737522,59859
steal,1,140195672737522,57553
steal,0,140196672698184,59859
steal,1,140196672698184,57553
steal,0,140197672698298,59861
steal,1,140197672698298,57554
steal,0,140198672703161,59861
steal,1,140198672703161,57555
steal,0,140199672705340,59862
steal,1,140199672705340,57556
steal,0,140200672714833,59864
steal,1,140200672714833,57556
steal,0,140201672706943,59865
steal,1,140201672706943,57557
steal,0,140202672767512,59866
steal,1,140202672767512,57559
steal,0,140203672700631,59867
steal,1,140203672700631,57559
steal,0,140204672704001,59868
steal,1,140204672704001,57560
steal,0,140205672714115,59868
steal,1,140205672714115,57561
steal,0,140206672816814,59870
steal,1,140206672816814,57562
steal,0,140207672734544,59871
steal,1,140207672734544,57562
steal,0,140208672717517,59871
steal,1,140208672717517,57563
steal,0,140209672698976,59873
steal,1,140209672698976,57565
steal,0,140210672718627,59877
steal,1,140210672718627,57566
steal,0,140211672717278,59877
steal,1,140211672717278,57567
steal,0,140212672729256,59879
steal,1,140212672729256,57568
steal,0,140213672696279,59880
steal,1,140213672696279,57569
steal,0,140214672717814,59881
steal,1,140214672717814,57569
steal,0,140215672710384,59881
steal,1,140215672710384,57570
steal,0,140216672716080,59882
steal,1,140216672716080,57570
steal,0,140217672711236,59882
steal,1,140217672711236,57571
steal,0,140218672716850,59882
steal,1,140218672716850,57571
steal,0,140219672715352,59884
steal,1,140219672715352,57572
steal,0,140220672720466,59884
steal,1,140220672720466,57572
steal,0,140221672724950,59885
steal,1,140221672724950,57572
steal,0,140222672704094,59885
steal,1,140222672704094,57574
steal,0,140223672721803,59887
steal,1,140223672721803,57575
steal,0,140224672703823,59887
steal,1,140224672703823,57575
steal,0,140225672727262,59887
steal,1,140225672727262,57576
steal,0,140226672716495,59889
steal,1,140226672716495,57577
steal,0,140227672693306,59889
steal,1,140227672693306,57577
steal,0,140228672700142,59889
steal,1,140228672700142,57578
steal,0,140229672725745,59890
steal,1,140229672725745,57579
steal,0,140230672752570,59892
steal,1,140230672752570,57580
steal,0,140231677112240,59894
steal,1,140231677112240,57580
steal,0,140232672718874,59896
steal,1,140232672718874,57580
steal,0,140233672709881,59897
steal,1,140233672709881,57582
steal,0,140234672718112,59898
steal,1,140234672718112,57584
steal,0,140235672715421,59899
steal,1,140235672715421,57584
steal,0,140236672716187,59899
steal,1,140236672716187,57585
steal,0,140237673151061,59900
steal,1,140237673151061,57586
steal,0,140238672709454,59902
steal,1,140238672709454,57587
steal,0,140239672708766,59902
steal,1,140239672708766,57587
steal,0,140240672716506,59903
steal,1,140240672716506,57588
steal,0,140241672722092,59904
steal,1,140241672722092,57589
steal,0,140242672719120,59906
steal,1,140242672719120,57591
steal,0,140243674859838,59906
steal,1,140243674859838,57592
steal,0,140244672718076,59906
steal,1,140244672718076,57594
steal,0,140245672710767,59908
steal,1,140245672710767,57596
steal,0,140246672725439,59909
steal,1,140246672725439,57596
steal,0,140247672703071,59910
steal,1,140247672703071,57597
steal,0,140248672697063,59912
steal,1,140248672697063,57598
steal,0,140249672724750,59912
steal,1,140249672724750,57599
steal,0,140250672731727,59915
steal,1,140250672731727,57600
steal,0,140251672711433,59915
steal,1,140251672711433,57602
steal,0,140252672699154,59917
steal,1,140252672699154,57603
steal,0,140253672714848,59917
steal,1,140253672714848,57603
steal,0,140254672702258,59918
steal,1,140254672702258,57605
steal,0,140255672705949,59918
steal,1,140255672705949,57605
steal,0,140256672701484,59918
steal,1,140256672701484,57606
steal,0,140257672708541,59920
steal,1,140257672708541,57606
steal,0,140258672709799,59920
steal,1,140258672709799,57608
steal,0,140259672719981,59920
steal,1,140259672719981,57609
steal,0,140260672728622,59921
steal,1,140260672728622,57610
steal,0,140261672720301,59922
steal,1,140261672720301,57611
steal,0,140262672712719,59922
steal,1,140262672712719,57612
steal,0,140263672723794,59923
steal,1,140263672723794,57614
steal,0,140264672732374,59924
steal,1,140264672732374,57614
steal,0,140265672717511,59924
steal,1,140265672717511,57616
steal,0,140266672716473,59926
steal,1,140266672716473,57616
steal,0,140267672727197,59926
steal,1,140267672727197,57619
steal,0,140268672713886,59927
steal,1,140268672713886,57620
steal,0,140269672775686,59927
steal,1,140269672775686,57623
steal,0,140270672742647,59928
steal,1,140270672742647,57624
steal,0,140271672739234,59929
steal,1,140271672739234,57625
steal,0,140272672730582,59930
steal,1,140272672730582,57626
steal,0,140273672700820,59930
steal,1,140273672700820,57626
steal,0,140274672697999,59931
steal,1,140274672697999,57627
steal,0,140275672713502,59931
steal,1,140275672713502,57627
steal,0,140276672702405,59931
steal,1,140276672702405,57629
steal,0,140277672747094,59933
steal,1,140277672747094,57630
steal,0,140278672703917,59933
steal,1,140278672703917,57631
steal,0,140279672717806,59936
steal,1,140279672717806,57632
steal,0,140280672707019,59937
steal,1,140280672707019,57633
steal,0,140281672705260,59937
steal,1,140281672705260,57633
steal,0,140282672718368,59938
steal,1,140282672718368,57635
steal,0,140283672721868,59938
steal,1,140283672721868,57636
steal,0,140284672709969,59939
steal,1,140284672709969,57636
steal,0,140285672699542,59940
steal,1,140285672699542,57636
steal,0,140286672695227,59940
steal,1,140286672695227,57637
steal,0,140287672692407,59940
steal,1,140287672692407,57637
steal,0,140288672699835,59940
steal,1,140288672699835,57638
steal,0,140289672699368,59942
steal,1,140289672699368,57639
steal,0,140290672705061,59943
steal,1,140290672705061,57640
steal,0,140291672707520,59943
steal,1,140291672707520,57641
steal,0,140292672714316,59944
steal,1,140292672714316,57641
steal,0,140293672711444,59944
steal,1,140293672711444,57642
steal,0,140294672696440,59944
steal,1,140294672696440,57642
steal,0,140295672698337,59945
steal,1,140295672698337,57644
steal,0,140296672724069,59945
steal,1,140296672724069,57645
steal,0,140297672723000,59946
steal,1,140297672723000,57646
steal,0,140298672717013,59946
steal,1,140298672717013,57647
steal,0,140299672705345,59948
steal,1,140299672705345,57650
steal,0,140300672704987,59949
steal,1,140300672704987,57650
steal,0,140301672722373,59950
steal,1,140301672722373,57652
steal,0,140302672694945,59950
steal,1,140302672694945,57652
steal,0,140303672742438,59951
steal,1,140303672742438,57653
steal,0,140304672709239,59952
steal,1,140304672709239,57654
steal,0,140305672719913,59953
steal,1,140305672719913,57654
steal,0,140306672699018,59954
steal,1,140306672699018,57654
steal,0,140307672696407,59954
steal,1,140307672696407,57656
steal,0,140308672714725,59955
steal,1,140308672714725,57657
steal,0,140309673311032,59955
steal,1,140309673311032,57660
steal,0,140310672705265,59958
steal,1,140310672705265,57660
steal,0,140311672744842,59958
steal,1,140311672744842,57661
steal,0,140312672691345,59959
steal,1,140312672691345,57661
steal,0,140313672717959,59960
steal,1,140313672717959,57662
steal,0,140314672712974,59960
steal,1,140314672712974,57662
steal,0,140315672700785,59960
steal,1,140315672700785,57662
steal,0,140316672716868,59963
steal,1,140316672716868,57662
steal,0,140317672703537,59964
steal,1,140317672703537,57662
steal,0,140318672696948,59964
steal,1,140318672696948,57663
steal,0,140319672699637,59964
steal,1,140319672699637,57664
steal,0,140320672825307,59964
steal,1,140320672825307,57666
steal,0,140321672706977,59966
steal,1,140321672706977,57666
steal,0,140322672720876,59966
steal,1,140322672720876,57669
steal,0,140323672693158,59966
steal,1,140323672693158,57669
steal,0,140324672707868,59967
steal,1,140324672707868,57670
steal,0,140325672723551,59967
steal,1,140325672723551,57670
steal,0,140326672706734,59969
steal,1,140326672706734,57672
steal,0,140327672704102,59969
steal,1,140327672704102,57673
steal,0,140328672730474,59970
steal,1,140328672730474,57674
steal,0,140329672842438,59970
steal,1,140329672842438,57674
steal,0,140330672713690,59971
steal,1,140330672713690,57675
steal,0,140331672764399,59972
steal,1,140331672764399,57676
steal,0,140332672715761,59974
steal,1,140332672715761,57676
steal,0,140333672715163,59974
steal,1,140333672715163,57677
steal,0,140334672723230,59974
steal,1,140334672723230,57677
steal,0,140335672729738,59976
steal,1,140335672729738,57678
steal,0,140336672688754,59977
steal,1,140336672688754,57678
steal,0,140337672720117,59977
steal,1,140337672720117,57678
steal,0,140338672697457,59978
steal,1,140338672697457,57679
steal,0,140339672710234,59978
steal,1,140339672710234,57680
steal,0,140340672730967,59978
steal,1,140340672730967,57681
steal,0,140341672716464,59979
steal,1,140341672716464,57682
steal,0,140342672718151,59981
steal,1,140342672718151,57683
steal,0,140343672728504,59982
steal,1,140343672728504,57684
steal,0,140344672718838,59982
steal,1,140344672718838,57685
steal,0,140345672704193,59982
steal,1,140345672704193,57685
steal,0,140346672712681,59984
steal,1,140346672712681,57687
steal,0,140347672751879,59985
steal,1,140347672751879,57691
steal,0,140348672695536,59985
steal,1,140348672695536,57691
steal,0,140349672719394,59987
steal,1,140349672719394,57692
steal,0,140350672725269,59990
steal,1,140350672725269,57693
steal,0,140351672702339,59990
steal,1,140351672702339,57693
steal,0,140352672707823,59992
steal,1,140352672707823,57693
steal,0,140353672767098,59993
steal,1,140353672767098,57693
steal,0,140354672718441,59994
steal,1,140354672718441,57695
steal,0,140355672736068,59995
steal,1,140355672736068,57696
steal,0,140356672695645,59995
steal,1,140356672695645,57696
steal,0,140357672737467,59995
steal,1,140357672737467,57697
steal,0,140358672721199,59999
steal,1,140358672721199,57700
steal,0,140359672722455,60002
steal,1,140359672722455,57703
steal,0,140360672709583,60003
steal,1,140360672709583,57703
steal,0,140361672872065,60003
steal,1,140361672872065,57705
steal,0,140362672703173,60004
steal,1,140362672703173,57707
steal,0,140363672727423,60005
steal,1,140363672727423,57707
steal,0,140364672706329,60006
steal,1,140364672706329,57707
steal,0,140365672712706,60007
steal,1,140365672712706,57707
steal,0,140366672699467,60007
steal,1,140366672699467,57708
steal,0,140367672732726,60007
steal,1,140367672732726,57709
steal,0,140368672731640,60009
steal,1,140368672731640,57710
steal,0,140369672706149,60010
steal,1,140369672706149,57710
steal,0,140370672739720,60011
steal,1,140370672739720,57713
steal,0,140371672705493,60012
steal,1,140371672705493,57715
steal,0,140372672712345,60015
steal,1,140372672712345,57717
steal,0,140373672752178,60016
steal,1,140373672752178,57717
steal,0,140374672694660,60016
steal,1,140374672694660,57717
steal,0,140375672700941,60018
steal,1,140375672700941,57717
steal,0,140376672716379,60018
steal,1,140376672716379,57719
steal,0,140377672697894,60019
steal,1,140377672697894,57719
steal,0,140378672692935,60019
steal,1,140378672692935,57719
steal,0,140379672707142,60020
steal,1,140379672707142,57720
steal,0,140380672707916,60021
steal,1,140380672707916,57722
steal,0,140381672696787,60022
steal,1,140381672696787,57722
steal,0,140382672711417,60023
steal,1,140382672711417,57722
steal,0,140383672718051,60025
steal,1,140383672718051,57723
steal,0,140384672701020,60027
steal,1,140384672701020,57724
steal,0,140385672699852,60027
steal,1,140385672699852,57725
steal,0,140386672727166,60027
steal,1,140386672727166,57727
steal,0,140387672725736,60028
steal,1,140387672725736,57729
steal,0,140388672719619,60028
steal,1,140388672719619,57729
steal,0,140389672709083,60030
steal,1,140389672709083,57730
steal,0,140390672716882,60030
steal,1,140390672716882,57730
steal,0,140391672702951,60033
steal,1,140391672702951,57731
steal,0,140392672716472,60033
steal,1,140392672716472,57732
steal,0,140393672738850,60035
steal,1,140393672738850,57732
steal,0,140394672701035,60036
steal,1,140394672701035,57733
steal,0,140395672703566,60036
steal,1,140395672703566,57733
steal,0,140396672721967,60036
steal,1,140396672721967,57733
steal,0,140397672706605,60037
steal,1,140397672706605,57733
steal,0,140398672730386,60038
steal,1,140398672730386,57734
steal,0,140399672717008,60038
steal,1,140399672717008,57736
steal,0,140400672698883,60040
steal,1,140400672698883,57736
steal,0,140401672712748,60040
steal,1,140401672712748,57739
steal,0,140402672698280,60040
steal,1,140402672698280,57741
steal,0,140403672700503,60042
steal,1,140403672700503,57741
steal,0,140404672707506,60042
steal,1,140404672707506,57741
steal,0,140405672714649,60042
steal,1,140405672714649,57741
steal,0,140406672718266,60043
steal,1,140406672718266,57742
steal,0,140407672827242,60044
steal,1,140407672827242,57742
steal,0,140408672733476,60044
steal,1,140408672733476,57744
steal,0,140409672702640,60046
steal,1,140409672702640,57745
steal,0,140410672721156,60047
steal,1,140410672721156,57745
steal,0,140411672744913,60048
steal,1,140411672744913,57745
steal,0,140412672716852,60048
steal,1,140412672716852,57746
steal,0,140413672713108,60048
steal,1,140413672713108,57747
steal,0,140414672697261,60049
steal,1,140414672697261,57748
steal,0,140415672689741,60049
steal,1,140415672689741,57749
steal,0,140416672727476,60050
steal,1,140416672727476,57751
steal,0,140417672728160,60052
steal,1,140417672728160,57752
steal,0,140418672695393,60052
steal,1,140418672695393,57753
steal,0,140419672697622,60052
steal,1,140419672697622,57756
steal,0,140420672710902,60053
steal,1,140420672710902,57756
steal,0,140421672715236,60054
steal,1,140421672715236,57756
steal,0,140422672726431,60055
steal,1,140422672726431,57757
steal,0,140423672737739,60055
steal,1,140423672737739,57758
steal,0,140424672712207,60058
steal,1,140424672712207,57758
steal,0,140425672719688,60059
steal,1,140425672719688,57759
steal,0,140426672709065,60060
steal,1,140426672709065,57759
steal,0,140427672706418,60060
steal,1,140427672706418,57760
steal,0,140428672726383,60061
steal,1,140428672726383,57760
steal,0,140429672693028,60061
steal,1,140429672693028,57760
steal,0,140430678084033,60063
steal,1,140430678084033,57762
steal,0,140431672707110,60063
steal,1,140431672707110,57762
steal,0,140432672693654,60064
steal,1,140432672693654,57763
steal,0,140433672709864,60066
steal,1,140433672709864,57764
steal,0,140434672730222,60067
steal,1,140434672730222,57767
steal,0,140435672782401,60067
steal,1,140435672782401,57767
steal,0,140436672701990,60067
steal,1,140436672701990,57768
steal,0,140437672699075,60068
steal,1,140437672699075,57768
steal,0,140438672714084,60068
steal,1,140438672714084,57769
steal,0,140439672698806,60068
steal,1,140439672698806,57769
steal,0,140440672701873,60070
steal,1,140440672701873,57770
steal,0,140441672694953,60073
steal,1,140441672694953,57773
steal,0,140442672724771,60073
steal,1,140442672724771,57773
steal,0,140443672680559,60075
steal,1,140443672680559,57774
steal,0,140444672700970,60075
steal,1,140444672700970,57776
steal,0,140445672694021,60076
steal,1,140445672694021,57777
steal,0,140446672709614,60078
steal,1,140446672709614,57778
steal,0,140447672698978,60079
steal,1,140447672698978,57779
steal,0,140448672752854,60080
steal,1,140448672752854,57780
steal,0,140449672698195,60081
steal,1,140449672698195,57781
steal,0,140450672704983,60082
steal,1,140450672704983,57781
steal,0,140451672716569,60083
steal,1,140451672716569,57782
steal,0,140452672721023,60084
steal,1,140452672721023,57782
steal,0,140453672703196,60084
steal,1,140453672703196,57784
steal,0,140454672720305,60084
steal,1,140454672720305,57784
steal,0,140455672708498,60085
steal,1,140455672708498,57784
steal,0,140456672716070,60085
steal,1,140456672716070,57785
steal,0,140457672709203,60086
steal,1,140457672709203,57785
steal,0,140458672718157,60086
steal,1,140458672718157,57786
steal,0,140459672710460,60087
steal,1,140459672710460,57786
steal,0,140460672699127,60087
steal,1,140460672699127,57786
steal,0,140461672708994,60088
steal,1,140461672708994,57788
steal,0,140462672719563,60090
steal,1,140462672719563,57788
steal,0,140463672731303,60090
steal,1,140463672731303,57788
steal,0,140464672702218,60091
steal,1,140464672702218,57790
steal,0,140465672695425,60092
steal,1,140465672695425,57790
steal,0,140466672702929,60092
steal,1,140466672702929,57792
steal,0,140467672691978,60093
steal,1,140467672691978,57793
steal,0,140468672702147,60094
steal,1,140468672702147,57793
steal,0,140469672701357,60115
steal,1,140469672701357,57805
steal,0,140470672727979,60131
steal,1,140470672727979,57822
steal,0,140471672718531,60132
steal,1,140471672718531,57823
steal,0,140472672700830,60132
steal,1,140472672700830,57824
steal,0,140473672703176,60132
steal,1,140473672703176,57825
steal,0,140474672718858,60132
steal,1,140474672718858,57826
steal,0,140475672700095,60133
steal,1,140475672700095,57827
steal,0,140476672696752,60135
steal,1,140476672696752,57828
steal,0,140477672720660,60135
steal,1,140477672720660,57830
steal,0,140478672719813,60136
steal,1,140478672719813,57831
steal,0,140479672723924,60136
steal,1,140479672723924,57833
steal,0,140480672694442,60137
steal,1,140480672694442,57833
steal,0,140481672694737,60139
steal,1,140481672694737,57834
steal,0,140482672709469,60140
steal,1,140482672709469,57836
steal,0,140483672699095,60142
steal,1,140483672699095,57836
steal,0,140484672694401,60143
steal,1,140484672694401,57837
steal,0,140485672714014,60144
steal,1,140485672714014,57838
steal,0,140486672708168,60146
steal,1,140486672708168,57838
steal,0,140487672772837,60146
steal,1,140487672772837,57838
steal,0,140488672732306,60146
steal,1,140488672732306,57839
steal,0,140489672715822,60147
steal,1,140489672715822,57842
steal,0,140490672730576,60148
steal,1,140490672730576,57843
steal,0,140491672708852,60148
steal,1,140491672708852,57845
steal,0,140492672707317,60149
steal,1,140492672707317,57846
steal,0,140493672697206,60150
steal,1,140493672697206,57846
steal,0,140494672699359,60150
steal,1,140494672699359,57846
steal,0,140495672941113,60150
steal,1,140495672941113,57847
steal,0,140496672711409,60150
steal,1,140496672711409,57847
steal,0,140497672701961,60150
steal,1,140497672701961,57848
steal,0,140498672713512,60151
steal,1,140498672713512,57848
steal,0,140499672727267,60152
steal,1,140499672727267,57848
steal,0,140500672729121,60154
steal,1,140500672729121,57849
steal,0,140501672701770,60155
steal,1,140501672701770,57849
steal,0,140502672805757,60155
steal,1,140502672805757,57851
steal,0,140503672714496,60155
steal,1,140503672714496,57851
steal,0,140504672710309,60156
steal,1,140504672710309,57852
steal,0,140505672729017,60156
steal,1,140505672729017,57852
steal,0,140506672706485,60156
steal,1,140506672706485,57852
steal,0,140507672707007,60156
steal,1,140507672707007,57852
steal,0,140508672723451,60157
steal,1,140508672723451,57853
steal,0,140509672713614,60158
steal,1,140509672713614,57853
steal,0,140510672703568,60158
steal,1,140510672703568,57854
steal,0,140511672724411,60159
steal,1,140511672724411,57857
steal,0,140512672740224,60159
steal,1,140512672740224,57858
steal,0,140513672711252,60160
steal,1,140513672711252,57858
steal,0,140514672709463,60160
steal,1,140514672709463,57859
steal,0,140515672698826,60160
steal,1,140515672698826,57859
steal,0,140516672710794,60162
steal,1,140516672710794,57859
steal,0,140517672710157,60163
steal,1,140517672710157,57859
steal,0,140518672741030,60163
steal,1,140518672741030,57860
steal,0,140519672719075,60164
steal,1,140519672719075,57860
steal,0,140520672715903,60165
steal,1,140520672715903,57863
steal,0,140521672728263,60166
steal,1,140521672728263,57864
steal,0,140522677752774,60179
steal,1,140522677752774,57885
steal,0,140523672717383,60228
steal,1,140523672717383,57930
steal,0,140524672719203,60245
steal,1,140524672719203,57942
steal,0,140525672700885,60248
steal,1,140525672700885,57943
steal,0,140526672721862,60248
steal,1,140526672721862,57943
steal,0,140527672719735,60256
steal,1,140527672719735,57948
steal,0,140528672687632,60257
steal,1,140528672687632,57948
steal,0,140529672699843,60257
steal,1,140529672699843,57948
steal,0,140530672723575,60258
steal,1,140530672723575,57950
steal,0,140531672703828,60259
steal,1,140531672703828,57951
steal,0,140532672709998,60261
steal,1,140532672709998,57952
steal,0,140533672704597,60263
steal,1,140533672704597,57953
steal,0,140534672722048,60264
steal,1,140534672722048,57953
steal,0,140535672717769,60264
steal,1,140535672717769,57954
steal,0,140536672719042,60264
steal,1,140536672719042,57954
steal,0,140537672700808,60265
steal,1,140537672700808,57955
steal,0,140538672726637,60265
steal,1,140538672726637,57955
steal,0,140539672698475,60266
steal,1,140539672698475,57955
steal,0,140540672692444,60266
steal,1,140540672692444,57956
steal,0,140541672730165,60267
steal,1,140541672730165,57956
steal,0,140542672708335,60268
steal,1,140542672708335,57958
steal,0,140543672706944,60270
steal,1,140543672706944,57959
steal,0,140544672713979,60270
steal,1,140544672713979,57959
steal,0,140545672697079,60271
steal,1,140545672697079,57962
steal,0,140546672700708,60272
steal,1,140546672700708,57962
steal,0,140547672738933,60273
steal,1,140547672738933,57964
steal,0,140548675336541,60274
steal,1,140548675336541,57965
steal,0,140549672702760,60275
steal,1,140549672702760,57967
steal,0,140550672742830,60275
steal,1,140550672742830,57969
steal,0,140551672726863,60275
steal,1,140551672726863,57970
steal,0,140552672699956,60276
steal,1,140552672699956,57971
steal,0,140553672733914,60277
steal,1,140553672733914,57972
steal,0,140554672736764,60278
steal,1,140554672736764,57972
steal,0,140555672717944,60278
steal,1,140555672717944,57974
steal,0,140556672725083,60278
steal,1,140556672725083,57974
steal,0,140557672711782,60280
steal,1,140557672711782,57976
steal,0,140558672713421,60280
steal,1,140558672713421,57978
steal,0,140559672704409,60282
steal,1,140559672704409,57978
steal,0,140560672720946,60283
steal,1,140560672720946,57984
steal,0,140561672698619,60283
steal,1,140561672698619,57984
steal,0,140562672713655,60284
steal,1,140562672713655,57984
steal,0,140563672720113,60286
steal,1,140563672720113,57986
steal,0,140564672693821,60286
steal,1,140564672693821,57986
steal,0,140565672716151,60287
steal,1,140565672716151,57987
steal,0,140566672707382,60289
steal,1,140566672707382,57988
steal,0,140567672706177,60291
steal,1,140567672706177,57989
steal,0,140568672696828,60292
steal,1,140568672696828,57990
steal,0,140569672700182,60292
steal,1,140569672700182,57990
steal,0,140570672716150,60293
steal,1,140570672716150,57993
steal,0,140571672724404,60293
steal,1,140571672724404,57994
steal,0,140572672724263,60294
steal,1,140572672724263,57996
steal,0,140573672720025,60294
steal,1,140573672720025,57996
steal,0,140574672712188,60294
steal,1,140574672712188,57997
steal,0,140575672700225,60296
steal,1,140575672700225,57998
steal,0,140576672731254,60297
steal,1,140576672731254,57999
steal,0,140577672698492,60297
steal,1,140577672698492,58000
steal,0,140578672706909,60297
steal,1,140578672706909,58001
steal,0,140579675165402,60298
steal,1,140579675165402,58002
steal,0,140580672704847,60298
steal,1,140580672704847,58004
steal,0,140581672741477,60299
steal,1,140581672741477,58004
steal,0,140582672702725,60301
steal,1,140582672702725,58005
steal,0,140583672704641,60302
steal,1,140583672704641,58007
steal,0,140584672705114,60303
steal,1,140584672705114,58008
steal,0,140585672703232,60303
steal,1,140585672703232,58008
steal,0,140586672711961,60304
steal,1,140586672711961,58009
steal,0,140587672705972,60304
steal,1,140587672705972,58009
steal,0,140588672719040,60305
steal,1,140588672719040,58011
steal,0,140589672752697,60306
steal,1,140589672752697,58012
steal,0,140590672739426,60306
steal,1,140590672739426,58012
steal,0,140591672743438,60306
steal,1,140591672743438,58012
steal,0,140592672741315,60306
steal,1,140592672741315,58012
steal,0,140593672699400,60306
steal,1,140593672699400,58012
steal,0,140594672729132,60306
steal,1,140594672729132,58012
steal,0,140595672740658,60306
steal,1,140595672740658,58012
steal,0,140596672736445,60306
steal,1,140596672736445,58012
steal,0,140597672733884,60306
steal,1,140597672733884,58012
steal,0,140598672715274,60306
steal,1,140598672715274,58012
steal,0,140599672717653,60306
steal,1,140599672717653,58012
steal,0,140600672736364,60306
steal,1,140600672736364,58012
steal,0,140601672716434,60306
steal,1,140601672716434,58012
steal,0,140602672739773,60306
steal,1,140602672739773,58012
steal,0,140603672742393,60306
steal,1,140603672742393,58012
steal,0,140604672708216,60306
steal,1,140604672708216,58012
steal,0,140605672742728,60306
steal,1,140605672742728,58012
steal,0,140606672728409,60306
steal,1,140606672728409,58012
steal,0,140607672738245,60306
steal,1,140607672738245,58012
steal,0,140608672741469,60306
steal,1,140608672741469,58012
steal,0,140609672698605,60306
steal,1,140609672698605,58012
steal,0,140610672730674,60307
steal,1,140610672730674,58012
steal,0,140611672730380,60307
steal,1,140611672730380,58012
steal,0,140612672722925,60307
steal,1,140612672722925,58012
steal,0,140613672733764,60307
steal,1,140613672733764,58012
steal,0,140614672720358,60307
steal,1,140614672720358,58012
steal,0,140615672747306,60307
steal,1,140615672747306,58012
steal,0,140616672743257,60307
steal,1,140616672743257,58012
steal,0,140617672722259,60307
steal,1,140617672722259,58012
steal,0,140618672730133,60307
steal,1,140618672730133,58012
steal,0,140619672753197,60307
steal,1,140619672753197,58012
steal,0,140620672733881,60308
steal,1,140620672733881,58012
steal,0,140621672708362,60315
steal,1,140621672708362,58025
steal,0,140622672731206,60331
steal,1,140622672731206,58047
steal,0,140623672731117,60331
steal,1,140623672731117,58047
steal,0,140624672732231,60331
steal,1,140624672732231,58047
steal,0,140625672704930,60331
steal,1,140625672704930,58047
steal,0,140626672730860,60331
steal,1,140626672730860,58047
steal,0,140627672707919,60331
steal,1,140627672707919,58047
steal,0,140628672738918,60331
steal,1,140628672738918,58047
steal,0,140629672738651,60331
steal,1,140629672738651,58047
steal,0,140630672732802,60331
steal,1,140630672732802,58047
steal,0,140631672732042,60331
steal,1,140631672732042,58047
steal,0,140632672744238,60339
steal,1,140632672744238,58054
steal,0,140633672704496,60339
steal,1,140633672704496,58054
steal,0,140634672742180,60339
steal,1,140634672742180,58054
steal,0,140635672702038,60339
steal,1,140635672702038,58054
steal,0,140636672726568,60339
steal,1,140636672726568,58054
steal,0,140637672710821,60339
steal,1,140637672710821,58054
steal,0,140638672725444,60339
steal,1,140638672725444,58054
steal,0,140639672731841,60339
steal,1,140639672731841,58054
steal,0,140640672745800,60339
steal,1,140640672745800,58054
steal,0,140641672713966,60339
steal,1,140641672713966,58054
steal,0,140642672738857,60339
steal,1,140642672738857,58054
steal,0,140643672746486,60339
steal,1,140643672746486,58054
steal,0,140644672720554,60339
steal,1,140644672720554,58054
steal,0,140645672716512,60339
steal,1,140645672716512,58054
steal,0,140646672734962,60339
steal,1,140646672734962,58054
steal,0,140647672725681,60339
steal,1,140647672725681,58054
steal,0,140648672836244,60339
steal,1,140648672836244,58054
steal,0,140649672716636,60339
steal,1,140649672716636,58055
steal,0,140650672714699,60339
steal,1,140650672714699,58055
steal,0,140651672993682,60339
steal,1,140651672993682,58055
steal,0,140652672736305,60339
steal,1,140652672736305,58055
steal,0,140653672742613,60339
steal,1,140653672742613,58055
steal,0,140654672743402,60339
steal,1,140654672743402,58055
steal,0,140655672741868,60339
steal,1,140655672741868,58055
steal,0,140656672726606,60339
steal,1,140656672726606,58055
steal,0,140657672704393,60339
steal,1,140657672704393,58055
steal,0,140658672744385,60339
steal,1,140658672744385,58055
steal,0,140659672712244,60339
steal,1,140659672712244,58055
steal,0,140660672737320,60339
steal,1,140660672737320,58055
steal,0,140661672705629,60339
steal,1,140661672705629,58055
steal,0,140662672710559,60375
steal,1,140662672710559,58082
steal,0,140663672726968,60378
steal,1,140663672726968,58085
steal,0,140664672736667,60379
steal,1,140664672736667,58085
steal,0,140665672720184,60379
steal,1,140665672720184,58085
steal,0,140666672739819,60379
steal,1,140666672739819,58085
steal,0,140667672736213,60379
steal,1,140667672736213,58085
steal,0,140668672743026,60379
steal,1,140668672743026,58085
steal,0,140669672748548,60379
steal,1,140669672748548,58085
steal,0,140670672738509,60379
steal,1,140670672738509,58085
steal,0,140671672707862,60379
steal,1,140671672707862,58085
steal,0,140672672743150,60379
steal,1,140672672743150,58085
steal,0,140673672720939,60379
steal,1,140673672720939,58085
steal,0,140674672722214,60385
steal,1,140674672722214,58087
steal,0,140675672736062,60386
steal,1,140675672736062,58088
steal,0,140676672738709,60386
steal,1,140676672738709,58088
steal,0,140677672737742,60386
steal,1,140677672737742,58088
steal,0,140678672742592,60386
steal,1,140678672742592,58088
steal,0,140679672731734,60386
steal,1,140679672731734,58088
steal,0,140680672739652,60386
steal,1,140680672739652,58089
steal,0,140681672736999,60386
steal,1,140681672736999,58089
steal,0,140682672745137,60386
steal,1,140682672745137,58089
steal,0,140683672714003,60386
steal,1,140683672714003,58089
steal,0,140684672754634,60386
steal,1,140684672754634,58089
steal,0,140685672710694,60386
steal,1,140685672710694,58089
steal,0,140686672705959,60386
steal,1,140686672705959,58089
steal,0,140687672744485,60386
steal,1,140687672744485,58089
steal,0,140688672718932,60386
steal,1,140688672718932,58089
steal,0,140689672708677,60386
steal,1,140689672708677,58089
steal,0,140690672730113,60386
steal,1,140690672730113,58089
steal,0,140691672729737,60386
steal,1,140691672729737,58089
steal,0,140692672705748,60386
steal,1,140692672705748,58089
steal,0,140693672725621,60386
steal,1,140693672725621,58089
steal,0,140694672713212,60387
steal,1,140694672713212,58089
steal,0,140695672734237,60387
steal,1,140695672734237,58089
steal,0,140696672749552,60387
steal,1,140696672749552,58089
steal,0,140697672730993,60387
steal,1,140697672730993,58089
steal,0,140698672746929,60387
steal,1,140698672746929,58089
steal,0,140699672725767,60387
steal,1,140699672725767,58089
